episode,reward,moving_avg_reward,epsilon,loss,steps
1,18.0,18.0,0.966408278808967,0.0,18
2,19.0,18.5,0.9322381091492229,0.0,37
3,21.0,19.333333333333332,0.895951462132599,0.0,58
4,12.0,17.5,0.8758903236288655,0.3944654677595411,70
5,16.0,17.2,0.8498802145100749,0.1078506640624255,86
6,26.0,18.666666666666668,0.8093493776508969,0.1711116168791285,112
7,20.0,18.857142857142858,0.7795748626738708,0.0972740713506937,132
8,14.0,18.25,0.7594301091746893,0.05629014257075531,146
9,15.0,17.88888888888889,0.7384632808134077,0.06046112179756165,161
10,33.0,19.4,0.6944917261008988,0.04606836162168871,194
11,11.0,18.636363636363637,0.6804677376295034,0.21774059703404253,205
12,12.0,18.083333333333332,0.665516642711083,0.1426334542532762,217
13,54.0,20.846153846153847,0.6025047245596803,0.06255427389879953,271
14,11.0,20.142857142857142,0.5904823516201657,0.05042902837422761,282
15,14.0,19.733333333333334,0.5755587511768302,0.045029565292809694,296
16,18.0,19.625,0.5569751479778411,0.18064333490716913,314
17,37.0,20.647058823529413,0.5208134694080189,0.09649711016666244,351
18,20.0,20.61111111111111,0.5023526092178899,0.10109193231910467,371
19,77.0,23.57894736842105,0.43778923551402654,0.1290970557284626,448
20,28.0,23.8,0.41666989865553006,0.09797018107825092,476
